<profile version="1.0">
  <option name="myName" value="Default" />
  <inspection_tool class="HtmlUnknownAttribute" enabled="true" level="WARNING" enabled_by_default="true">
    <option name="myValues">
      <value>
        <list size="1">
          <item index="0" class="java.lang.String" itemvalue="form.errors" />
        </list>
      </value>
    </option>
    <option name="myCustomValuesEnabled" value="true" />
  </inspection_tool>
  <inspection_tool class="HtmlUnknownTag" enabled="true" level="WARNING" enabled_by_default="true">
    <option name="myValues">
      <value>
        <list size="7">
          <item index="0" class="java.lang.String" itemvalue="nobr" />
          <item index="1" class="java.lang.String" itemvalue="noembed" />
          <item index="2" class="java.lang.String" itemvalue="comment" />
          <item index="3" class="java.lang.String" itemvalue="noscript" />
          <item index="4" class="java.lang.String" itemvalue="embed" />
          <item index="5" class="java.lang.String" itemvalue="script" />
          <item index="6" class="java.lang.String" itemvalue="form" />
        </list>
      </value>
    </option>
    <option name="myCustomValuesEnabled" value="true" />
  </inspection_tool>
  <inspection_tool class="PyPackageRequirementsInspection" enabled="true" level="WARNING" enabled_by_default="true">
    <option name="ignoredPackages">
      <value>
        <list size="24">
          <item index="0" class="java.lang.String" itemvalue="Werkzeug" />
          <item index="1" class="java.lang.String" itemvalue="SQLAlchemy" />
          <item index="2" class="java.lang.String" itemvalue="pkg-resources" />
          <item index="3" class="java.lang.String" itemvalue="MarkupSafe" />
          <item index="4" class="java.lang.String" itemvalue="requests" />
          <item index="5" class="java.lang.String" itemvalue="click" />
          <item index="6" class="java.lang.String" itemvalue="Flask-SQLAlchemy" />
          <item index="7" class="java.lang.String" itemvalue="Jinja2" />
          <item index="8" class="java.lang.String" itemvalue="chardet" />
          <item index="9" class="java.lang.String" itemvalue="certifi" />
          <item index="10" class="java.lang.String" itemvalue="urllib3" />
          <item index="11" class="java.lang.String" itemvalue="itsdangerous" />
          <item index="12" class="java.lang.String" itemvalue="Flask" />
          <item index="13" class="java.lang.String" itemvalue="idna" />
          <item index="14" class="java.lang.String" itemvalue="importlib-resources" />
          <item index="15" class="java.lang.String" itemvalue="appdirs" />
          <item index="16" class="java.lang.String" itemvalue="filelock" />
          <item index="17" class="java.lang.String" itemvalue="aniso8601" />
          <item index="18" class="java.lang.String" itemvalue="virtualenv" />
          <item index="19" class="java.lang.String" itemvalue="distlib" />
          <item index="20" class="java.lang.String" itemvalue="pytz" />
          <item index="21" class="java.lang.String" itemvalue="Flask-RESTful" />
          <item index="22" class="java.lang.String" itemvalue="Flask-Jsonpify" />
          <item index="23" class="java.lang.String" itemvalue="mysqlclient" />
        </list>
      </value>
    </option>
  </inspection_tool>
  <inspection_tool class="PyUnresolvedReferencesInspection" enabled="true" level="WARNING" enabled_by_default="true">
    <option name="ignoredIdentifiers">
      <list>
        <option value="list.__getitem__" />
      </list>
    </option>
  </inspection_tool>
</profile>