<?xml version="1.0" encoding="UTF-8"?>
<!DOCTYPE fontscolors PUBLIC "-//NetBeans//DTD Editor Fonts and Colors settings 1.1//EN" "http://www.netbeans.org/dtds/EditorFontsColors-1_1.dtd">
<fontscolors>
    <fontcolor foreColor="ff8b8b8b" name="identifier"/>
    <fontcolor foreColor="ff5c5cff" name="number"/>
    <fontcolor default="field" name="markup-attribute"/>
    <fontcolor bgColor="ff2b2b2b" foreColor="ffa9b7c6" name="default">
        <font name="Consolas" size="16"/>
    </fontcolor>
    <fontcolor default="identifier" foreColor="ffd6d677" name="method"/>
    <fontcolor foreColor="ffcf7b23" name="string"/>
    <fontcolor foreColor="ff925509" name="char"/>
    <fontcolor foreColor="ff76b300" name="comment"/>
    <fontcolor foreColor="ff32abe0" name="keyword"/>
    <fontcolor foreColor="white" name="separator"/>
    <fontcolor foreColor="white" name="operator"/>
</fontscolors>
