<toolSet name="Batches">
  <tool name="Run this Batch..." showInMainMenu="true" showInEditor="true" showInProject="true" showInSearchPopup="true" disabled="false" useConsole="true" showConsoleOnStdOut="false" showConsoleOnStdErr="false" synchronizeAfterRun="true">
    <exec>
      <option name="COMMAND" value="$FilePath$" />
      <option name="PARAMETERS" />
      <option name="WORKING_DIRECTORY" value="$ContentRoot$" />
    </exec>
  </tool>
  <tool name="Run All JGP Keywords" description="Runs JGP run all trace keywords" showInMainMenu="true" showInEditor="true" showInProject="true" showInSearchPopup="true" disabled="false" useConsole="true" showConsoleOnStdOut="true" showConsoleOnStdErr="false" synchronizeAfterRun="true">
    <exec>
      <option name="COMMAND" value="$Projectpath$\test_all_trace_keywords.bat" />
      <option name="PARAMETERS" />
      <option name="WORKING_DIRECTORY" value="$Projectpath$" />
    </exec>
  </tool>
  <tool name="Run All JCP Keywords" description="Runs JCP run all trace keywords" showInMainMenu="true" showInEditor="true" showInProject="true" showInSearchPopup="true" disabled="false" useConsole="true" showConsoleOnStdOut="true" showConsoleOnStdErr="false" synchronizeAfterRun="true">
    <exec>
      <option name="COMMAND" value="$Projectpath$\test_all_trace_keywords_JCP.bat" />
      <option name="PARAMETERS" />
      <option name="WORKING_DIRECTORY" value="$Projectpath$" />
    </exec>
  </tool>
</toolSet>