<toolSet name="Reports">
  <tool name="Open File in Chrome" description="Show HTML file in Chrome" showInMainMenu="true" showInEditor="true" showInProject="true" showInSearchPopup="true" disabled="false" useConsole="false" showConsoleOnStdOut="false" showConsoleOnStdErr="false" synchronizeAfterRun="true">
    <exec>
      <option name="COMMAND" value="C:\Program Files (x86)\Google\Chrome\Application\chrome.exe" />
      <option name="PARAMETERS" value="$FilePath$" />
      <option name="WORKING_DIRECTORY" value="C:/Program Files (x86)/Google/Chrome/Application" />
    </exec>
  </tool>
  <tool name="Open CSV File in Excel" description="Opens any CSV file in Excel" showInMainMenu="true" showInEditor="true" showInProject="true" showInSearchPopup="true" disabled="false" useConsole="false" showConsoleOnStdOut="false" showConsoleOnStdErr="false" synchronizeAfterRun="true">
    <exec>
      <option name="COMMAND" value="C:\Program Files (x86)\Microsoft Office\Office12\EXCEL.EXE" />
      <option name="PARAMETERS" value="$FilePath$" />
      <option name="WORKING_DIRECTORY" value="$Projectpath$" />
    </exec>
  </tool>
</toolSet>