<toolSet name="Robot">
  <tool name="Run Test Suite (Robot File)..." description="Execute Robot files" showInMainMenu="true" showInEditor="true" showInProject="true" showInSearchPopup="true" disabled="false" useConsole="true" showConsoleOnStdOut="false" showConsoleOnStdErr="false" synchronizeAfterRun="true">
    <exec>
      <option name="COMMAND" value="$ModuleSdkPath$" />
      <option name="PARAMETERS" value="-u -m robot -A robot.txt --variablefile &quot;C:/ProgramData/robot_properties.py&quot; $FilePath$" />
      <option name="WORKING_DIRECTORY" value="$ProjectFileDir$" />
    </exec>
  </tool>
  <tool name="Run CIPS Gen Lib Test Suite (Robot File)..." description="Execute Robot files" showInMainMenu="true" showInEditor="true" showInProject="true" showInSearchPopup="true" disabled="false" useConsole="true" showConsoleOnStdOut="false" showConsoleOnStdErr="false" synchronizeAfterRun="true">
    <exec>
      <option name="COMMAND" value="$ModuleSdkPath$" />
      <option name="PARAMETERS" value="-u -m robot --variablefile &quot;C:/ProgramData/robot_properties.py&quot; $FilePath$" />
      <option name="WORKING_DIRECTORY" value="$ProjectFileDir$" />
    </exec>
  </tool>
</toolSet>