<filetype binary="false" description="JavaScript (syntax highlighting only)" name="JavaScript">
  <highlighting>
    <options>
      <option name="LINE_COMMENT" value="//" />
      <option name="COMMENT_START" value="/*" />
      <option name="COMMENT_END" value="*/" />
      <option name="HEX_PREFIX" value="" />
      <option name="NUM_POSTFIXES" value="" />
      <option name="HAS_BRACES" value="true" />
      <option name="HAS_BRACKETS" value="true" />
      <option name="HAS_PARENS" value="true" />
      <option name="HAS_STRING_ESCAPES" value="true" />
    </options>
    <keywords keywords="break;case;catch;continue;default;delete;do;else;false;finally;for;function;if;in;instanceof;new;null;return;switch;this;throw;true;try;typeof;var;void;while;with" ignore_case="false" />
    <keywords2 />
    <keywords3 />
    <keywords4 />
  </highlighting>
</filetype>